{
    "device_id": "hailo",
    "model_name": "0-ViTPose-mobileone_s0_mpii-256x256-light_v17.hef",
    "iterations": 1000,
    "runs": 5,
    "avg_latency_ms": 10.848890924453736,
    "avg_latency_ms_from_client": 10.846400000000001,
    "avg_energy_mWh": 12.0,
    "latency_ms_per_run": [
        10.84972596168518,
        10.84699273109436,
        10.852049350738525,
        10.848734617233276,
        10.846951961517334
    ],
    "latency_ms_from_client_per_run": [
        10.847,
        10.845,
        10.85,
        10.846,
        10.844
    ],
    "energy_mWh_per_run": [
        12.0,
        12.0,
        12.0,
        13.0,
        11.0
    ]
}