{
    "device_id": "rp5_tvm",
    "model_name": "0-ViTPose-efficientvit_b1-mpii-256x256-light_v17.onnx",
    "iterations": 100,
    "runs": 5,
    "avg_latency_ms": 79.04092502593994,
    "avg_latency_ms_from_client": 79.02000000000001,
    "avg_energy_mWh": 13.4,
    "latency_ms_per_run": [
        78.84999990463257,
        79.06968593597412,
        79.87149238586426,
        78.74349355697632,
        78.66995334625244
    ],
    "latency_ms_from_client_per_run": [
        78.83,
        79.05,
        79.85,
        78.72,
        78.65
    ],
    "energy_mWh_per_run": [
        13.0,
        13.0,
        14.0,
        13.0,
        14.0
    ]
}