{
    "device_id": "rtx5090",
    "model_name": "0-ViTPose-efficientvit_b1-mpii-256x256-light.onnx",
    "iterations": 1000,
    "avg_latency_ms": 10.798310279846191,
    "avg_latency_ms_from_client": 10.796,
    "avg_energy_mWh": 425.84222222222223
}