{
    "device_id": "rtx5090",
    "model_name": "0-ViTPose-mobileone_s1-mpii-256x256-light.onnx",
    "iterations": 1000,
    "avg_latency_ms": 4.270702600479126,
    "avg_latency_ms_from_client": 4.269,
    "energy_mWh": 168.3883333333333
}