{
    "device_id": "rtx5090",
    "model_name": "0-ViTPose-efficientvit_b2-mpii-256x256-light.onnx",
    "iterations": 1000,
    "avg_latency_ms": 11.977380752563477,
    "avg_latency_ms_from_client": 11.976,
    "energy_mWh": 229.54000000000002
}