{
    "device_id": "rtx5090",
    "model_name": "0-ViTPose-efficientvit_l2-mpii-256x256-light.onnx",
    "iterations": 1000,
    "runs": 5,
    "avg_latency_ms": 15.112403011322021,
    "avg_latency_ms_from_client": 15.1106,
    "avg_energy_mWh": 852.0699444444447,
    "latency_ms_per_run": [
        15.029497385025024,
        15.643005847930908,
        14.758609533309937,
        14.563084840774536,
        15.567817449569702
    ],
    "latency_ms_from_client_per_run": [
        15.028,
        15.641,
        14.757,
        14.561,
        15.566
    ],
    "energy_mWh_per_run": [
        852.0699444444446,
        843.6751666666668,
        852.0699444444446,
        864.6621111111112,
        847.8725555555557
    ],
    "avg_cpu_power_W": 83.6,
    "avg_gpu_power_W": 119.4,
    "cpu_power_W_per_run": [
        72.0,
        71.0,
        70.0,
        73.0,
        132.0
    ],
    "gpu_power_W_per_run": [
        131.0,
        130.0,
        133.0,
        133.0,
        70.0
    ]
}