{
    "device_id": "rtx5090",
    "model_name": "0-ViTPose-DeitTiny-mpii-256x256-light.onnx",
    "iterations": 1000,
    "avg_latency_ms": 4.829244375228882,
    "avg_latency_ms_from_client": 4.827,
    "avg_energy_mWh": 197.10250000000002
}