{
    "device_id": "rtx5090",
    "model_name": "0-ViTPose-efficientvit_l2-mpii-256x256-light.onnx",
    "iterations": 1000,
    "avg_latency_ms": 11.177310943603516,
    "avg_latency_ms_from_client": 11.175,
    "avg_energy_mWh": 440.79166666666663
}