{
    "device_id": "rtx5090",
    "model_name": "0-ViTPose-efficientvit_b0-mpii-256x256-light.onnx",
    "iterations": 1000,
    "runs": 5,
    "avg_latency_ms": 6.664689064025879,
    "avg_latency_ms_from_client": 6.6624,
    "avg_energy_mWh": 320.5354666666666,
    "latency_ms_per_run": [
        6.669179201126099,
        6.628199815750122,
        6.771216154098511,
        6.398606777191162,
        6.856243371963501
    ],
    "latency_ms_from_client_per_run": [
        6.667,
        6.626,
        6.769,
        6.396,
        6.854
    ],
    "energy_mWh_per_run": [
        316.46399999999994,
        318.31466666666665,
        323.8666666666666,
        322.01599999999996,
        322.01599999999996
    ],
    "avg_cpu_power_W": 71.8,
    "avg_gpu_power_W": 101.4,
    "cpu_power_W_per_run": [
        72.0,
        71.0,
        72.0,
        72.0,
        72.0
    ],
    "gpu_power_W_per_run": [
        99.0,
        101.0,
        103.0,
        102.0,
        102.0
    ]
}