{
    "device_id": "rtx5090",
    "model_name": "0-ViTPose-DeitTiny-mpii-256x256-light.onnx",
    "iterations": 1000,
    "avg_latency_ms": 4.4511284828186035,
    "avg_latency_ms_from_client": 4.449,
    "energy_mWh": 85.27250000000001
}