{
    "device_id": "rtx5090",
    "model_name": "0-ViTPose-efficientvit_b0-mpii-256x256-light.onnx",
    "iterations": 1000,
    "avg_latency_ms": 6.923007965087891,
    "avg_latency_ms_from_client": 6.921,
    "avg_energy_mWh": 259.53749999999997
}