{
    "device_id": "rtx5090",
    "model_name": "0-ViTPose-mobileone_s1-mpii-256x256-light.onnx",
    "iterations": 1000,
    "avg_latency_ms": 4.290149450302124,
    "avg_latency_ms_from_client": 4.288,
    "energy_mWh": 73.84888888888888
}