{
    "device_id": "ryzen7950x",
    "model_name": "0-ViTPose-mobileone_s0_mpii-256x256-light_onnx2tf_int8.tflite",
    "test_data_length": 2958,
    "Head PCK": 94.09959072305594,
    "Shoulder PCK": 90.57404891304347,
    "Elbow PCK": 79.93867818189003,
    "Wrist PCK": 73.119078110706,
    "Hip PCK": 80.9243366518718,
    "Knee PCK": 71.93232843388012,
    "Ankle PCK": 63.0603668040034,
    "PCK": 80.14311735623212,
    "PCK@0.1": 17.491542950664186,
    "PCK-AUC": 24.107871401911275
}