{
    "device_id": "ryzen7950x",
    "model_name": "0-ViTPose-DeitSmall-mpii-256x256-light_onnx2tf_int8.tflite",
    "test_data_length": 2958,
    "Head PCK": 93.28103683492498,
    "Shoulder PCK": 89.60597826086956,
    "Elbow PCK": 78.35351441300946,
    "Wrist PCK": 71.83767119942443,
    "Hip PCK": 80.14540059773964,
    "Knee PCK": 73.4837272220896,
    "Ankle PCK": 67.57185076595076,
    "PCK": 80.00520426749935,
    "PCK@0.1": 20.379911562070667,
    "PCK-AUC": 24.845433262107704
}