{
    "device_id": "ryzen7950x",
    "model_name": "0-ViTPose-efficientvit_b2-mpii-256x256-light_onnx2tf_int8.tflite",
    "test_data_length": 2958,
    "Head PCK": 0.034106412005457026,
    "Shoulder PCK": 0.0,
    "Elbow PCK": 0.0,
    "Wrist PCK": 0.017188037126160193,
    "Hip PCK": 0.034614053305642094,
    "Knee PCK": 0.08059657379304072,
    "Ankle PCK": 0.3545206769328947,
    "PCK": 0.05984907624251887,
    "PCK@0.1": 0.0,
    "PCK-AUC": 0.00958886285150395
}