{
    "device_id": "ryzen7950x",
    "model_name": "0-ViTPose-DeitTiny-mpii-256x256-light_onnx2tf_int8.tflite",
    "test_data_length": 2958,
    "Head PCK": 91.0300136425648,
    "Shoulder PCK": 85.49592391304347,
    "Elbow PCK": 72.45678305068202,
    "Wrist PCK": 64.09232370991101,
    "Hip PCK": 75.3677982873235,
    "Knee PCK": 65.74674032897953,
    "Ankle PCK": 59.611552351403546,
    "PCK": 74.39240176945094,
    "PCK@0.1": 15.97710117282515,
    "PCK-AUC": 22.012503210405967
}