{
    "device_id": "rp5",
    "model_name": "0-ViTPose-mobileone_s0_mpii-256x256-light_onnx2tf.tflite",
    "iterations": 100,
    "runs": 5,
    "avg_latency_ms": 34.57323980331421,
    "avg_latency_ms_from_client": 34.546,
    "avg_energy_mWh": 6.2,
    "latency_ms_per_run": [
        34.874815940856934,
        34.07527685165405,
        35.24999141693115,
        34.41973686218262,
        34.24637794494629
    ],
    "latency_ms_from_client_per_run": [
        34.85,
        34.05,
        35.23,
        34.37,
        34.23
    ],
    "energy_mWh_per_run": [
        7.0,
        5.0,
        6.0,
        6.0,
        7.0
    ]
}