{
    "device_id": "ryzen7950x",
    "model_name": "0-ViTPose-mobileone_s1-mpii-256x256-light_aiedgetorch.tflite",
    "test_data_length": 2958,
    "Head PCK": 95.08867667121419,
    "Shoulder PCK": 93.39334239130434,
    "Elbow PCK": 83.62011383523406,
    "Wrist PCK": 76.52834405941988,
    "Hip PCK": 84.14399494117049,
    "Knee PCK": 76.4864327206175,
    "Ankle PCK": 69.6972344107183,
    "PCK": 83.58834244080145,
    "PCK@0.1": 23.286495297407377,
    "PCK-AUC": 26.636286823874027
}