{
    "device_id": "esp32s3",
    "model_name": "0-ViTPose-mobileone_s1-mpii-256x256-light_onnx2tf_int8.tflite",
    "test_data_length": 2958,
    "Head PCK": 35.879945429740786,
    "Shoulder PCK": 80.31589673913044,
    "Elbow PCK": 64.59839264091701,
    "Wrist PCK": 59.73905413198534,
    "Hip PCK": 65.5879259278436,
    "Knee PCK": 46.064920597028504,
    "Ankle PCK": 28.720849412665103,
    "PCK": 58.94353369763206,
    "PCK@0.1": 5.7585219739657845,
    "PCK-AUC": 14.120270671007098
}