{
    "device_id": "esp32s3",
    "model_name": "0-ViTPose-efficientvit_b0-mpii-256x256-light_onnx2tf_int8.tflite",
    "iterations": 1,
    "runs": 5,
    "avg_latency_ms": 337426.89933776855,
    "avg_latency_ms_from_client": 337374.0,
    "avg_energy_mWh": 21.8,
    "latency_ms_per_run": [
        337432.6660633087,
        337414.4468307495,
        337424.69024658203,
        337438.250541687,
        337424.4430065155
    ],
    "latency_ms_from_client_per_run": [
        337340.0,
        337370.0,
        337390.0,
        337380.0,
        337390.0
    ],
    "energy_mWh_per_run": [
        22.0,
        22.0,
        21.0,
        22.0,
        22.0
    ]
}