{
    "device_id": "esp32s3",
    "model_name": "0-ViTPose-efficientvit_b0-mpii-256x256-light_onnx2tf_int8.tflite",
    "test_data_length": 2958,
    "Head PCK": 1.2619372442019101,
    "Shoulder PCK": 5.230978260869565,
    "Elbow PCK": 0.6308640368511937,
    "Wrist PCK": 0.6183231989660879,
    "Hip PCK": 0.9002050954571212,
    "Knee PCK": 0.8859939296797735,
    "Ankle PCK": 0.7800525918265118,
    "PCK": 1.5066354410616705,
    "PCK@0.1": 0.059849074073164935,
    "PCK-AUC": 0.2545016912044781
}