{
    "device_id": "beaglevahead",
    "model_name": "0-ViTPose-mobileone_s0_mpii-256x256-light_v17_int16_sym_hbb.zip",
    "test_data_length": 2958,
    "Head PCK": 93.34924965893589,
    "Shoulder PCK": 90.30230978260869,
    "Elbow PCK": 77.60341738113887,
    "Wrist PCK": 66.72790491915987,
    "Hip PCK": 77.42777792160348,
    "Knee PCK": 69.63549659539154,
    "Ankle PCK": 62.87222328209145,
    "PCK": 77.82982045277127,
    "PCK@0.1": 14.44184241397847,
    "PCK-AUC": 22.691777232863096
}