{
    "device_id": "beaglevahead",
    "model_name": "0-ViTPose-mobileone_s1-mpii-256x256-light_v17_int16_sym_hbb.zip",
    "test_data_length": 2958,
    "Head PCK": 92.18963165075034,
    "Shoulder PCK": 31.844429347826086,
    "Elbow PCK": 52.58649781184417,
    "Wrist PCK": 41.207526528749106,
    "Hip PCK": 51.77386236263447,
    "Knee PCK": 14.870465732246586,
    "Ankle PCK": 28.388150885213932,
    "PCK": 43.80431954202446,
    "PCK@0.1": 5.269320841482957,
    "PCK-AUC": 11.234712486291247
}