{
    "device_id": "coralmicro",
    "model_name": "0-ViTPose-mobileone_s0_mpii-256x256-light_onnx2tf_int8_edgetpu.tflite",
    "test_data_length": 2958,
    "Head PCK": 93.96316507503411,
    "Shoulder PCK": 90.87975543478261,
    "Elbow PCK": 80.41581933246721,
    "Wrist PCK": 73.37667559881055,
    "Hip PCK": 81.01088377061143,
    "Knee PCK": 71.24742807125237,
    "Ankle PCK": 62.80054265304233,
    "PCK": 80.20036429872496,
    "PCK@0.1": 17.494145134045624,
    "PCK-AUC": 24.019242763804343
}