{
    "device_id": "ryzen7950x",
    "model_name": "0-ViTPose-DeitSmall-mpii-256x256-light_aiedgetorch_int8.tflite",
    "test_data_length": 2958,
    "Head PCK": 92.59890859481582,
    "Shoulder PCK": 88.82472826086956,
    "Elbow PCK": 77.62061003414127,
    "Wrist PCK": 69.81706715732408,
    "Hip PCK": 79.2972364369962,
    "Knee PCK": 71.42896929600201,
    "Ankle PCK": 65.63478914738542,
    "PCK": 78.77699713765287,
    "PCK@0.1": 17.840229119467853,
    "PCK-AUC": 23.76286753999758
}