{
    "device_id": "ryzen7950x",
    "model_name": "0-ViTPose-DeitTiny-mpii-256x256-light_aiedgetorch_int8.tflite",
    "test_data_length": 2958,
    "Head PCK": 89.5293315143247,
    "Shoulder PCK": 84.5618206521739,
    "Elbow PCK": 70.68408630839633,
    "Wrist PCK": 62.003079053699935,
    "Hip PCK": 73.39446764832506,
    "Knee PCK": 63.14735872864305,
    "Ankle PCK": 57.958892693261575,
    "PCK": 72.70361696591206,
    "PCK@0.1": 13.45823580471141,
    "PCK-AUC": 20.730132683399646
}