{
    "device_id": "ryzen7950x",
    "model_name": "0-ViTPose-efficientvit_b0-mpii-256x256-light_aiedgetorch_int8.tflite",
    "test_data_length": 2958,
    "Head PCK": 1.1596180081855387,
    "Shoulder PCK": 4.279891304347826,
    "Elbow PCK": 0.8183098558815258,
    "Wrist PCK": 0.926927126479533,
    "Hip PCK": 1.2464654832687556,
    "Knee PCK": 0.6441473700962839,
    "Ankle PCK": 1.2999686501840266,
    "PCK": 1.5768930523028883,
    "PCK@0.1": 0.06245120911249,
    "PCK-AUC": 0.27093416553423644
}