{
    "device_id": "rp5_ort",
    "model_name": "0-ViTPose-efficientvit_b0-mpii-256x256-light.onnx",
    "iterations": 100,
    "runs": 5,
    "avg_latency_ms": 54.07350730895996,
    "avg_latency_ms_from_client": 54.038,
    "avg_energy_mWh": 8.6,
    "latency_ms_per_run": [
        53.24075698852539,
        54.47371482849121,
        55.18167495727539,
        53.691463470458984,
        53.77992630004883
    ],
    "latency_ms_from_client_per_run": [
        53.22,
        54.45,
        55.16,
        53.6,
        53.76
    ],
    "energy_mWh_per_run": [
        9.0,
        9.0,
        9.0,
        8.0,
        8.0
    ]
}